{
	"credit": "Made with Blockbench",
	"texture_size": [64, 64],
	"textures": {
		"1": "item/totem_of_undying/burger",
		"particle": "item/totem_of_undying/burger"
	},
	"elements": [
		{
			"name": "BottomTopBun",
			"from": [3, 4, 3],
			"to": [13, 6, 13],
			"rotation": {"angle": 0, "axis": "y", "origin": [8, 0, 8]},
			"faces": {
				"north": {"uv": [2, 7.25, 4.5, 7.75], "texture": "#1"},
				"east": {"uv": [7.25, 2, 9.75, 2.5], "texture": "#1"},
				"south": {"uv": [7.25, 2.5, 9.75, 3], "texture": "#1"},
				"west": {"uv": [7.25, 3, 9.75, 3.5], "texture": "#1"},
				"up": {"uv": [5, 2.5, 2.5, 0], "texture": "#1"},
				"down": {"uv": [5, 2.5, 2.5, 5], "texture": "#1"}
			}
		},
		{
			"name": "TopTopBun",
			"from": [4, 6, 4],
			"to": [12, 7, 12],
			"rotation": {"angle": 0, "axis": "y", "origin": [8, 0, 8]},
			"faces": {
				"north": {"uv": [9, 4.5, 11, 4.75], "texture": "#1"},
				"east": {"uv": [9, 4.75, 11, 5], "texture": "#1"},
				"south": {"uv": [9, 5, 11, 5.25], "texture": "#1"},
				"west": {"uv": [9, 5.25, 11, 5.5], "texture": "#1"},
				"up": {"uv": [8.75, 8.75, 6.75, 6.75], "texture": "#1"},
				"down": {"uv": [2, 7.25, 0, 9.25], "texture": "#1"}
			}
		},
		{
			"name": "Cheese",
			"from": [3.5, 3.5, 3.5],
			"to": [12.5, 4, 12.5],
			"rotation": {"angle": 22.5, "axis": "y", "origin": [8, 3.75, 8]},
			"faces": {
				"north": {"uv": [2, 8.75, 4.25, 9], "texture": "#1"},
				"east": {"uv": [6.5, 8.75, 8.75, 9], "texture": "#1"},
				"south": {"uv": [8.75, 6.75, 11, 7], "texture": "#1"},
				"west": {"uv": [8.75, 7, 11, 7.25], "texture": "#1"},
				"up": {"uv": [2.25, 7.25, 0, 5], "texture": "#1"},
				"down": {"uv": [7.25, 0, 5, 2.25], "texture": "#1"}
			}
		},
		{
			"from": [3.5, 3, 3.5],
			"to": [12.5, 3.5, 12.5],
			"rotation": {"angle": 0, "axis": "y", "origin": [8, 2.93366, 8]},
			"faces": {
				"north": {"uv": [8.75, 8.25, 11, 8.5], "texture": "#1"},
				"east": {"uv": [8.75, 8.5, 11, 8.75], "texture": "#1"},
				"south": {"uv": [8.75, 8.75, 11, 9], "texture": "#1"},
				"west": {"uv": [2, 9, 4.25, 9.25], "texture": "#1"},
				"up": {"uv": [6.75, 7.25, 4.5, 5], "texture": "#1"},
				"down": {"uv": [9, 4.5, 6.75, 6.75], "texture": "#1"}
			}
		},
		{
			"from": [3.5, 4.71703, 1.86793],
			"to": [12.5, 4.71703, 3.86793],
			"rotation": {"angle": -22.5, "axis": "x", "origin": [8, 2.93366, 8]},
			"faces": {
				"north": {"uv": [0, 0, 2.25, 0], "texture": "#1"},
				"east": {"uv": [0, 0, 0.5, 0], "texture": "#1"},
				"south": {"uv": [0, 0, 2.25, 0], "texture": "#1"},
				"west": {"uv": [0, 0, 0.5, 0], "texture": "#1"},
				"up": {"uv": [9.5, 4, 7.25, 3.5], "texture": "#1"},
				"down": {"uv": [9.5, 4, 7.25, 4.5], "texture": "#1"}
			}
		},
		{
			"from": [3.5, 4.71703, 12.13207],
			"to": [12.5, 4.71703, 14.13207],
			"rotation": {"angle": 22.5, "axis": "x", "origin": [8, 2.93366, 8]},
			"faces": {
				"north": {"uv": [0, 0, 2.25, 0], "texture": "#1"},
				"east": {"uv": [0, 0, 0.5, 0], "texture": "#1"},
				"south": {"uv": [0, 0, 2.25, 0], "texture": "#1"},
				"west": {"uv": [0, 0, 0.5, 0], "texture": "#1"},
				"up": {"uv": [4.25, 8.25, 2, 7.75], "texture": "#1"},
				"down": {"uv": [4.25, 8.25, 2, 8.75], "texture": "#1"}
			}
		},
		{
			"from": [12.13207, 4.71703, 3.5],
			"to": [14.13207, 4.71703, 12.5],
			"rotation": {"angle": -22.5, "axis": "z", "origin": [8, 2.93366, 8]},
			"faces": {
				"north": {"uv": [0, 0, 0.5, 0], "texture": "#1"},
				"east": {"uv": [0, 0, 2.25, 0], "texture": "#1"},
				"south": {"uv": [0, 0, 0.5, 0], "texture": "#1"},
				"west": {"uv": [0, 0, 2.25, 0], "texture": "#1"},
				"up": {"uv": [5, 9.5, 4.5, 7.25], "texture": "#1"},
				"down": {"uv": [5.5, 7.25, 5, 9.5], "texture": "#1"}
			}
		},
		{
			"from": [1.86793, 4.71703, 3.5],
			"to": [3.86793, 4.71703, 12.5],
			"rotation": {"angle": 22.5, "axis": "z", "origin": [8, 2.93366, 8]},
			"faces": {
				"north": {"uv": [0, 0, 0.5, 0], "texture": "#1"},
				"east": {"uv": [0, 0, 2.25, 0], "texture": "#1"},
				"south": {"uv": [0, 0, 0.5, 0], "texture": "#1"},
				"west": {"uv": [0, 0, 2.25, 0], "texture": "#1"},
				"up": {"uv": [6, 9.5, 5.5, 7.25], "texture": "#1"},
				"down": {"uv": [6.5, 7.25, 6, 9.5], "texture": "#1"}
			}
		},
		{
			"name": "Patty",
			"from": [3.5, 2, 3.5],
			"to": [12.5, 3, 12.5],
			"rotation": {"angle": -22.5, "axis": "y", "origin": [8, 2.5, 8]},
			"faces": {
				"north": {"uv": [8.75, 7.25, 11, 7.5], "texture": "#1"},
				"east": {"uv": [8.75, 7.5, 11, 7.75], "texture": "#1"},
				"south": {"uv": [8.75, 7.75, 11, 8], "texture": "#1"},
				"west": {"uv": [8.75, 8, 11, 8.25], "texture": "#1"},
				"up": {"uv": [4.5, 7.25, 2.25, 5], "texture": "#1"},
				"down": {"uv": [7.25, 2.25, 5, 4.5], "texture": "#1"}
			}
		},
		{
			"name": "BottomBun",
			"from": [3, 0, 3],
			"to": [13, 2, 13],
			"rotation": {"angle": 0, "axis": "y", "origin": [8, 0, 8]},
			"faces": {
				"north": {"uv": [7.25, 0, 9.75, 0.5], "texture": "#1"},
				"east": {"uv": [7.25, 0.5, 9.75, 1], "texture": "#1"},
				"south": {"uv": [7.25, 1, 9.75, 1.5], "texture": "#1"},
				"west": {"uv": [7.25, 1.5, 9.75, 2], "texture": "#1"},
				"up": {"uv": [2.5, 2.5, 0, 0], "texture": "#1"},
				"down": {"uv": [2.5, 2.5, 0, 5], "texture": "#1"}
			}
		}
	],
	"display": {
		"thirdperson_righthand": {
			"rotation": [33, 0, 0],
			"translation": [0, 2, 1],
			"scale": [0.7, 0.7, 0.7]
		},
		"thirdperson_lefthand": {
			"rotation": [33, 0, 0],
			"translation": [0, 2, 1],
			"scale": [0.7, 0.7, 0.7]
		},
		"firstperson_righthand": {
			"rotation": [-8, 8, 13],
			"translation": [0.5, 6.25, -2.25]
		},
		"firstperson_lefthand": {
			"rotation": [-8, 8, 13],
			"translation": [0.5, 6.25, -2.25]
		},
		"ground": {
			"translation": [0, 3.25, 0],
			"scale": [0.8, 0.8, 0.8]
		},
		"gui": {
			"rotation": [30, 48, 0],
			"translation": [0, 4.25, 0]
		},
		"fixed": {
			"translation": [0, 4, 0]
		}
	},
	"groups": [
		{
			"name": "TopBun",
			"origin": [8, -2, 7],
			"color": 0,
			"children": [0, 1]
		},
		2,
		{
			"name": "Lettuce",
			"origin": [3.5, 3, 8],
			"color": 0,
			"children": [3, 4, 5, 6, 7]
		},
		8,
		9
	]
}